{
    "f1_score_macro": 0.09825464745845369,
    "loss": 35.928307647705076
}