{
    "f1_score_macro": 0.38347467102884536,
    "loss": 0.10858714431524277
}