{
    "f1_score_macro": 0.8436626019408342,
    "loss": 0.06400811225175858
}