{
    "f1_score_macro": 0.9920614205869157,
    "loss": 0.051510663969176154
}