{
    "f1_score_macro": 0.9862301328479794,
    "loss": 0.046712739659207206
}