{
    "f1_score_macro": 0.6475694444444444,
    "loss": 23564272918.25451
}