{
    "f1_score_macro": 0.6024848855969717,
    "loss": 40.08359909057617
}