{
    "f1_score_macro": 0.09969939879759519,
    "loss": 73.87922668457031
}