{
    "f1_score_macro": 0.5540414488959087,
    "loss": 0.10451292163795894
}