{
    "f1_score_macro": 0.33129024403283075,
    "loss": 0.13767892453405592
}