{
    "f1_score_macro": 0.6281894248914798,
    "loss": 0.1752915358543396
}