{
    "f1_score_macro": 0.8557639918062923,
    "loss": 0.14044127613306046
}