{
    "f1_score_macro": 0.5457889620446807,
    "loss": 5.4080352783203125
}