{
    "f1_score_macro": 0.1660443436243056,
    "loss": 105.26721954345703
}