{
    "f1_score_macro": 0.09849664239606445,
    "loss": 0.35807655453681947
}