{
    "f1_score_macro": 0.4757838926309103,
    "loss": 1.8230265808105468
}